{
  "window_width": 910,
  "window_height": 970,
  "window_heights": {
    "search_window": 175,
    "reading_window": 175,
    "subject_verses": 175,
    "verse_comments": 175
  },
  "static_heights": {
    "search_settings": 120,
    "message_window": 60
  },
  "search_settings": {
    "case_sensitive": false,
    "unique_verses": false,
    "abbreviate_results": false
  },
  "translations": [
    {
      "abbreviation": "KJV",
      "enabled": true,
      "sort_order": 1
    },
    {
      "abbreviation": "ASV",
      "enabled": true,
      "sort_order": 2
    },
    {
      "abbreviation": "DRB",
      "enabled": true,
      "sort_order": 3
    },
    {
      "abbreviation": "DBT",
      "enabled": true,
      "sort_order": 4
    },
    {
      "abbreviation": "ERV",
      "enabled": true,
      "sort_order": 5
    },
    {
      "abbreviation": "WBT",
      "enabled": true,
      "sort_order": 6
    },
    {
      "abbreviation": "WEB",
      "enabled": true,
      "sort_order": 7
    },
    {
      "abbreviation": "YLT",
      "enabled": true,
      "sort_order": 8
    },
    {
      "abbreviation": "AKJV",
      "enabled": true,
      "sort_order": 9
    },
    {
      "abbreviation": "WNT",
      "enabled": true,
      "sort_order": 10
    },
    {
      "abbreviation": "Bishops",
      "enabled": true,
      "sort_order": 11
    },
    {
      "abbreviation": "Coverdale",
      "enabled": true,
      "sort_order": 12
    },
    {
      "abbreviation": "Geneva",
      "enabled": true,
      "sort_order": 13
    },
    {
      "abbreviation": "KJVStrongs",
      "enabled": true,
      "sort_order": 14
    },
    {
      "abbreviation": "NET",
      "enabled": true,
      "sort_order": 15
    },
    {
      "abbreviation": "Tyndale",
      "enabled": true,
      "sort_order": 16
    },
    {
      "abbreviation": "BST",
      "enabled": true,
      "sort_order": 17
    }
  ],
  "font_size": 11,
  "search_history": [
    "Zec 12:10",
    "\"I understand more\"",
    "I understand more",
    "Psalms 119:100",
    "Joh*",
    "Gen 1:1",
    "David AND Joh*",
    "John",
    "Joha",
    "Joha???"
  ]
}